{
  "ids": [
    101,
    102,
    107,
    111,
    112,
    113,
    118,
    119,
    106,
    120,
    108,
    114,
    105,
    121,
    109,
    116,
    103,
    122,
    110,
    117,
    100
  ],
  "rvecs": [
    [
      -0.24354232046103624,
      -2.4439119560577183,
      1.4735559285274165
    ],
    [
      -1.4616651809960668,
      -1.586082700184794,
      0.8562808135306775
    ],
    [
      1.1053161325255614,
      -0.28391468919722196,
      0.9079091189867956
    ],
    [
      0.027640950752482712,
      -1.160716262415707,
      0.9837400927157633
    ],
    [
      -0.1951488178012202,
      -2.135751329748406,
      0.8315541804050435
    ],
    [
      1.236302575762911,
      -2.118564387522698,
      1.4679289751808424
    ],
    [
      -0.4423423002453668,
      -1.0456493521451313,
      0.6290786279255999
    ],
    [
      1.1300523822560598,
      0.22293180574726973,
      -1.0152465317296226
    ],
    [
      2.2784388009245005,
      -0.5993223686938356,
      1.3321632713176863
    ],
    [
      0.7177383039334029,
      0.8222256743369972,
      0.08136622920827288
    ],
    [
      1.2667562234717527,
      0.5025003665367687,
      2.0251577339553952
    ],
    [
      -0.7379908277753403,
      1.9407556250363296,
      -0.5078828129327118
    ],
    [
      -2.343149080272732,
      -0.8297755051230101,
      -1.4892085534924249
    ],
    [
      -1.2519303605723937,
      0.11771722173493855,
      -1.5598457409844584
    ],
    [
      -1.148159673961869,
      -0.2832802297090629,
      -1.0783684000318927
    ],
    [
      -2.0763906692154253,
      -0.4712935856250218,
      -0.7303474446527535
    ],
    [
      -1.1879416932963742,
      -1.8208169363493922,
      -0.8767292002521455
    ],
    [
      -0.33376292500781546,
      -1.2867214171068078,
      -1.8464622961385464
    ],
    [
      -0.7623095249029243,
      -0.8250515642108152,
      0.1280743233569637
    ],
    [
      -1.3188176231967976,
      -1.5669714889431279,
      0.03840059891085805
    ],
    [
      2.8397870165138177,
      1.3136030708687287,
      -0.0023154007510643206
    ]
  ],
  "tvecs": [
    [
      0.005254665862477927,
      0.016801312283742688,
      -0.009274239218953085
    ],
    [
      0.01711340467662907,
      0.0006991397812818984,
      -0.00903424475296521
    ],
    [
      -0.004392249683637577,
      0.01822584585027867,
      -0.02601601915869052
    ],
    [
      0.014265428425162256,
      0.012136474226985695,
      -0.026688942120985843
    ],
    [
      0.015706386441189536,
      0.010340704874264962,
      -0.0499161978955728
    ],
    [
      -0.004389633397192549,
      0.01782750709044268,
      -0.05022771464293509
    ],
    [
      0.018780001953885104,
      0.00022352235320415947,
      -0.06396617410340934
    ],
    [
      0.0070664188138521745,
      0.017049921384698,
      -0.06443758857106113
    ],
    [
      -0.013004963224886762,
      0.01043214250244676,
      -0.009221495438585173
    ],
    [
      -0.01330589502273523,
      0.011622493839447549,
      -0.06430405360841152
    ],
    [
      -0.017210912370072762,
      0.002561863987635754,
      -0.026177404847962334
    ],
    [
      -0.017305434105367435,
      0.0013583618123816108,
      -0.05044150616812013
    ],
    [
      -0.0123893501834807,
      -0.00857001719331822,
      -0.008584166415970103
    ],
    [
      -0.01390521702283214,
      -0.009526993260890432,
      -0.06401426471300985
    ],
    [
      -0.004787479691795303,
      -0.01558833115418925,
      -0.02704669416696638
    ],
    [
      -0.005246563560293882,
      -0.01606507161492253,
      -0.049657151113334685
    ],
    [
      0.0055665861188954205,
      -0.014931439569418782,
      -0.009125681099443455
    ],
    [
      0.0054056151747900886,
      -0.01719240358167981,
      -0.06339156507003407
    ],
    [
      0.014499351418156127,
      -0.010595769472109499,
      -0.02595104445155994
    ],
    [
      0.01444140340899228,
      -0.010986933327703167,
      -0.049598629182884935
    ],
    [
      0.0,
      0.0009104675394407315,
      0.0
    ]
  ],
  "dimensions": [
    0.012420470144316803,
    0.012420470144316803,
    0.012420470144316803,
    0.012420470144316803,
    0.012420470144316803,
    0.012420470144316803,
    0.012420470144316803,
    0.012420470144316803,
    0.012420470144316803,
    0.012420470144316803,
    0.012420470144316803,
    0.012420470144316803,
    0.012420470144316803,
    0.012420470144316803,
    0.012420470144316803,
    0.012420470144316803,
    0.012420470144316803,
    0.012420470144316803,
    0.012420470144316803,
    0.012420470144316803,
    0.012420470144316803
  ],
  "label": null
}
