{
  "ids": [
    3,
    7,
    8,
    19,
    20,
    2,
    14,
    18,
    17,
    13,
    10,
    15,
    6,
    5,
    9,
    16,
    21,
    4,
    12,
    11,
    1
  ],
  "rvecs": [
    [
      -0.6882353590594872,
      2.2610362315606953,
      -1.5870012991450242
    ],
    [
      -0.7516308932902954,
      0.9758488421738492,
      -1.6598509093739977
    ],
    [
      -0.06766339957399473,
      -1.4673999889367693,
      2.7713791266983097
    ],
    [
      0.694776190563273,
      1.112082975995367,
      1.5644964234100385
    ],
    [
      0.9521073931337707,
      0.3295167319781096,
      0.5667494437965263
    ],
    [
      -1.7642332822893816,
      1.2955831943806608,
      -0.8638704734584718
    ],
    [
      -1.186435936097465,
      0.38611353705002693,
      -0.5807438519218158
    ],
    [
      0.8121557796047111,
      2.332807382917829,
      1.2567212435006314
    ],
    [
      -0.12450101649578385,
      -1.823206256288942,
      -2.537281140179977
    ],
    [
      -1.3678204232850952,
      1.8029520985474525,
      -1.2770249943176346
    ],
    [
      -2.125771996918004,
      1.2600269289589836,
      1.2421854402107153
    ],
    [
      -1.2231737965441827,
      -0.2282735377210752,
      0.6370818497908087
    ],
    [
      -2.1641595049088407,
      0.10362186795372652,
      -0.002687665375916837
    ],
    [
      -1.8698976935284473,
      -1.1513981924587917,
      0.8793142135162719
    ],
    [
      0.6496377322472243,
      -1.1486067613819835,
      -1.6100074281138996
    ],
    [
      -0.8340436106279198,
      -0.9195493997606977,
      1.689599048329303
    ],
    [
      0.9011173804335089,
      -0.46601244149066356,
      -0.43714036989402993
    ],
    [
      -0.8923203029451701,
      -2.1860552180506554,
      1.603017099140473
    ],
    [
      -0.030811995292136782,
      -2.515740426369154,
      1.7986961820426017
    ],
    [
      -1.4199413061140447,
      -1.725411086483212,
      1.2570251679382523
    ],
    [
      2.4487209118321185,
      1.8033147126826379,
      -0.13305475797952718
    ]
  ],
  "tvecs": [
    [
      -0.008213062887430981,
      0.11340223984439932,
      -0.010219013295388688
    ],
    [
      -0.015700147292372707,
      0.10288875414623028,
      -0.028678922262427308
    ],
    [
      0.0009237838189020526,
      0.1128281217021941,
      -0.031509232987679776
    ],
    [
      -0.01584908636714001,
      0.08750421095662449,
      -0.06572846255719332
    ],
    [
      -0.01024637490815954,
      0.10488941712672474,
      -0.06825687881024625
    ],
    [
      -0.015549909544949198,
      0.09620647543265477,
      -0.008250298250405378
    ],
    [
      -0.009682865273820004,
      0.08436457317806735,
      -0.027620450844139242
    ],
    [
      -0.009434018801364158,
      0.08180587841572783,
      -0.044523160470724105
    ],
    [
      -0.0002629166834830231,
      0.07548912103770801,
      -0.06394934206159628
    ],
    [
      -0.014761880017991953,
      0.10063912974669519,
      -0.0465528281424553
    ],
    [
      0.009158906326237655,
      0.08163941769071967,
      -0.044555454732201405
    ],
    [
      0.00887225910100535,
      0.08325057332863353,
      -0.027081777030264646
    ],
    [
      -0.0017064069683098081,
      0.08356097087857903,
      -0.006744681386174554
    ],
    [
      0.014973030636077128,
      0.09367057289143244,
      -0.008115323254762013
    ],
    [
      0.014790394158010487,
      0.08625882715504152,
      -0.06636466275528492
    ],
    [
      0.015134684799284148,
      0.10118384470654208,
      -0.03021044991895005
    ],
    [
      0.0088307233326407,
      0.10571482839714474,
      -0.06770077877357314
    ],
    [
      0.010425530119493301,
      0.111793028752221,
      -0.010756844561140799
    ],
    [
      0.0006537564869346528,
      0.11048531039121999,
      -0.04853282925807028
    ],
    [
      0.014904537283790117,
      0.09879017480774854,
      -0.04680312396413218
    ],
    [
      0.0,
      0.10038158787355829,
      -1.2293199028268192e-17
    ]
  ],
  "dimensions": [
    0.012493551452592268,
    0.012493551452592268,
    0.012493551452592268,
    0.012493551452592268,
    0.012493551452592268,
    0.012493551452592268,
    0.012493551452592268,
    0.012493551452592268,
    0.012493551452592268,
    0.012493551452592268,
    0.012493551452592268,
    0.012493551452592268,
    0.012493551452592268,
    0.012493551452592268,
    0.012493551452592268,
    0.012493551452592268,
    0.012493551452592268,
    0.012493551452592268,
    0.012493551452592268,
    0.012493551452592268,
    0.012493551452592268
  ],
  "label": null
}
