{
  "ids": [
    35,
    40,
    29,
    22,
    23,
    28,
    34,
    30,
    31,
    25,
    26,
    36,
    41,
    32,
    38,
    27,
    39,
    33,
    42,
    37,
    24
  ],
  "rvecs": [
    [
      -1.0805865290915233,
      -1.7548893619032375,
      0.5491843739456022
    ],
    [
      0.969502000504237,
      -0.6024387711058069,
      -0.8718205173538636
    ],
    [
      1.150936983310177,
      -0.6915180062530598,
      -1.9965339673904314
    ],
    [
      0.8818326679541153,
      -2.16362190109606,
      -1.3203241402868502
    ],
    [
      1.7662576023518224,
      -1.105359123549975,
      -0.6167235451492288
    ],
    [
      1.1493296564174647,
      0.12316872190141633,
      -0.9186248035402347
    ],
    [
      0.18357503277488565,
      -2.306882358140234,
      1.2552522568099882
    ],
    [
      -0.5361921053033932,
      1.4052143292766837,
      2.441817104796199
    ],
    [
      0.5473033661291096,
      2.455426966592978,
      1.5242398158109325
    ],
    [
      -2.149906113694007,
      0.4561253497822835,
      -0.9915434754698486
    ],
    [
      0.27666458666886684,
      1.167707641400932,
      1.3480598786848148
    ],
    [
      -1.8862319714225408,
      -0.7384495983107516,
      -0.2059690226457586
    ],
    [
      -1.077993096964596,
      -0.36599667796839525,
      0.9121655541827534
    ],
    [
      1.734939277696915,
      1.362704698210642,
      0.9594186946320036
    ],
    [
      -0.6701458776403555,
      0.9928497639406545,
      -1.2550072742265266
    ],
    [
      0.8239541432024647,
      0.7485636966668886,
      0.15883744699771035
    ],
    [
      -0.06534724955606222,
      1.5286315752008952,
      -2.4161333617525287
    ],
    [
      -1.6485869846448036,
      1.9756029522234466,
      -1.551818482812549
    ],
    [
      0.013244137467547214,
      0.007544142224417943,
      0.5345440499839592
    ],
    [
      -1.0709507564407312,
      0.2784073164741096,
      -0.3023805745252873
    ],
    [
      2.0447250623450492,
      0.11352637016434909,
      0.18106747884060145
    ]
  ],
  "tvecs": [
    [
      0.017363837981455132,
      -0.000971592165728323,
      -0.1859717867905846
    ],
    [
      0.013432110470043302,
      0.009322025294668471,
      -0.203324639421634
    ],
    [
      0.017293507734820475,
      -0.0033031407959702645,
      -0.16307574393032895
    ],
    [
      0.012361001664440737,
      -0.011549837778389598,
      -0.14597137645718766
    ],
    [
      0.014532700846401648,
      0.008120814079479267,
      -0.14584031463527908
    ],
    [
      0.008075132697479158,
      0.01561418004872057,
      -0.1624283975929432
    ],
    [
      0.005933299453227341,
      0.0165147266114154,
      -0.18558979928029357
    ],
    [
      0.0020963857995698536,
      -0.01776634519885937,
      -0.1629672594117742
    ],
    [
      -0.00678118710308614,
      -0.01552042480074116,
      -0.14568558581918498
    ],
    [
      -0.015286239370450403,
      -0.0102234681264321,
      -0.18639644962290808
    ],
    [
      -0.016324046644958845,
      -0.00795492672182399,
      -0.16269827038265244
    ],
    [
      0.004057351238367714,
      -0.016788635894420142,
      -0.1855868565326268
    ],
    [
      0.012600445216429073,
      -0.010215964128415767,
      -0.20315572887912456
    ],
    [
      -0.017075963609401702,
      0.0019053192606574483,
      -0.14604170035985484
    ],
    [
      -0.01752765245109719,
      0.0004964064682149902,
      -0.20260510301484186
    ],
    [
      -0.01297459553464504,
      0.012588740682070382,
      -0.1620173990835163
    ],
    [
      -0.004334808811217145,
      0.016422535429511064,
      -0.2027521108594014
    ],
    [
      -0.014717891707853745,
      0.010864002258244645,
      -0.18584598896351676
    ],
    [
      0.0005914104077898909,
      0.0010704709960866884,
      -0.21258533652622394
    ],
    [
      -0.006870466924825497,
      -0.014996996270747619,
      -0.20347201001769027
    ],
    [
      -0.0030611371334923376,
      0.016105742944287745,
      -0.14558735071974485
    ]
  ],
  "dimensions": [
    0.01252233626603928,
    0.01252233626603928,
    0.01252233626603928,
    0.01252233626603928,
    0.01252233626603928,
    0.01252233626603928,
    0.01252233626603928,
    0.01252233626603928,
    0.01252233626603928,
    0.01252233626603928,
    0.01252233626603928,
    0.01252233626603928,
    0.01252233626603928,
    0.01252233626603928,
    0.01252233626603928,
    0.01252233626603928,
    0.01252233626603928,
    0.01252233626603928,
    0.01252233626603928,
    0.01252233626603928,
    0.01252233626603928
  ],
  "label": null
}
