{
  "ids": [
    3,
    7,
    8,
    19,
    20,
    2,
    14,
    18,
    17,
    13,
    10,
    15,
    6,
    5,
    9,
    16,
    21,
    4,
    12,
    11,
    1
  ],
  "rvecs": [
    [
      0.4300573170760881,
      -1.3300859776227922,
      -2.1014363964687552
    ],
    [
      -0.10998679957928977,
      -2.6010472916984244,
      -1.595567505695219
    ],
    [
      1.3202897667241311,
      -1.7885335104437925,
      -1.0614293932424568
    ],
    [
      -1.9614000938490586,
      0.6055320237664651,
      -0.3541909907674794
    ],
    [
      -1.9890471757583543,
      -0.6167888879240628,
      0.4648192408256925
    ],
    [
      0.4531539722700587,
      1.395419395972681,
      2.2596087410902275
    ],
    [
      1.3279928790459719,
      1.8389155057562352,
      1.1940389685575004
    ],
    [
      -0.9620783377152299,
      0.6703744249950658,
      -1.030627172989526
    ],
    [
      -1.2947427880531126,
      1.7857857503845362,
      -1.0552420536401517
    ],
    [
      0.03321310769026069,
      -1.638071728003203,
      -2.629247875832956
    ],
    [
      1.2098848144071543,
      -0.6025682420898139,
      2.0099559540485763
    ],
    [
      1.9710656019990953,
      0.6001214806273454,
      0.4881917355958457
    ],
    [
      0.9512766245106027,
      0.7113248061611088,
      1.2117104280754274
    ],
    [
      1.1026166553200012,
      0.002854516992804514,
      0.0792620433011996
    ],
    [
      -0.07057870307057851,
      2.6407741010601358,
      -1.657169882347239
    ],
    [
      1.9626888681791268,
      -0.5596999006373548,
      -0.37897729131999364
    ],
    [
      -1.4346954620050791,
      -1.7917302993860218,
      1.2387127949332444
    ],
    [
      0.9438895240900682,
      -0.6896613764729878,
      -1.0175983264286055
    ],
    [
      0.7901434432747447,
      -0.9920729547312771,
      -1.6275828522700666
    ],
    [
      1.076709320966306,
      -0.3294131583033332,
      -0.5110499420482748
    ],
    [
      0.0,
      0.0,
      0.0
    ]
  ],
  "tvecs": [
    [
      0.011201742126101139,
      -0.011958600348308939,
      0.008540073976245722
    ],
    [
      0.0013946651926459936,
      -0.016501617741589834,
      0.028302166185050905
    ],
    [
      0.01608498859915291,
      -0.0036313581099857925,
      0.02960891292171141
    ],
    [
      -0.00847435594405254,
      -0.013095640926166182,
      0.06703686034662294
    ],
    [
      0.009964016523107102,
      -0.012940433898563686,
      0.06721289886245838
    ],
    [
      -0.0074989252818175875,
      -0.013840965602234545,
      0.008915854574094873
    ],
    [
      -0.01449505687259929,
      -0.0052615644587675845,
      0.029587179828540255
    ],
    [
      -0.014681848170444045,
      -0.004720791247448849,
      0.04667469309171847
    ],
    [
      -0.015462871576786013,
      0.005383022705227407,
      0.06664191661126076
    ],
    [
      0.0018286730520891792,
      -0.01541948875111488,
      0.04630378558029343
    ],
    [
      -0.009332895375330927,
      0.013086028832638942,
      0.04649726839237975
    ],
    [
      -0.010127257278849893,
      0.012803927144605279,
      0.02896738506828649
    ],
    [
      -0.015564943361928006,
      0.0031518910756695947,
      0.008895719679788621
    ],
    [
      -0.0008837214392497805,
      0.016063956212015815,
      0.00873247887399401
    ],
    [
      -0.0005044259384433816,
      0.016519288629526542,
      0.06744876018083291
    ],
    [
      0.009101918609962798,
      0.013411527505471053,
      0.029659055815934976
    ],
    [
      0.016319920108906257,
      0.005051960940840697,
      0.06631710543969403
    ],
    [
      0.015263144556137686,
      0.006303929957279222,
      0.009050925447951866
    ],
    [
      0.01596445822322943,
      -0.003653089230638461,
      0.04679464856971221
    ],
    [
      0.008889937704518255,
      0.013454405415018142,
      0.04642368169942963
    ],
    [
      0.0,
      0.0,
      0.0
    ]
  ],
  "dimensions": [
    0.012493551452592268,
    0.012493551452592268,
    0.012493551452592268,
    0.012493551452592268,
    0.012493551452592268,
    0.012493551452592268,
    0.012493551452592268,
    0.012493551452592268,
    0.012493551452592268,
    0.012493551452592268,
    0.012493551452592268,
    0.012493551452592268,
    0.012493551452592268,
    0.012493551452592268,
    0.012493551452592268,
    0.012493551452592268,
    0.012493551452592268,
    0.012493551452592268,
    0.012493551452592268,
    0.012493551452592268,
    0.012493551452592268
  ],
  "label": null
}
